"Refs","Value","Footprint","Qty","DNP"
"C1-C5","1n","Capacitor_THT:C_Disc_D5.0mm_W2.5mm_P5.00mm","5",""
"C6,C7,C11","47µ","Capacitor_THT:CP_Radial_D4.0mm_P1.50mm","3",""
"C8-C10","100n","Capacitor_THT:C_Disc_D5.0mm_W2.5mm_P5.00mm","3",""
"D1","LED","LED_THT:LED_D4.0mm","1",""
"Q1-Q6","2N2222","Package_TO_SOT_THT:TO-92Flat","6",""
"Q7","2N3906","Package_TO_SOT_THT:TO-92_Inline","1",""
"R1-R4","2k","Resistor_THT:R_Axial_DIN0204_L3.6mm_D1.6mm_P5.08mm_Horizontal","4",""
"R5,R10,R13,R15","1000","Resistor_THT:R_Axial_DIN0204_L3.6mm_D1.6mm_P5.08mm_Horizontal","4",""
"R6","10000","Resistor_THT:R_Axial_DIN0204_L3.6mm_D1.6mm_P5.08mm_Horizontal","1",""
"R7","470","Resistor_THT:R_Axial_DIN0204_L3.6mm_D1.6mm_P5.08mm_Horizontal","1",""
"R8","5.1k","Resistor_THT:R_Axial_DIN0204_L3.6mm_D1.6mm_P5.08mm_Horizontal","1",""
"R9,R12","330","Resistor_THT:R_Axial_DIN0204_L3.6mm_D1.6mm_P5.08mm_Horizontal","2",""
"R11","2000","Resistor_THT:R_Axial_DIN0204_L3.6mm_D1.6mm_P5.08mm_Horizontal","1",""
"R14","220","Resistor_THT:R_Axial_DIN0204_L3.6mm_D1.6mm_P5.08mm_Horizontal","1",""
"RSENSE1","10","Resistor_THT:R_Axial_DIN0204_L3.6mm_D1.6mm_P5.08mm_Horizontal","1",""
"U1,U2","MCP6021","Package_DIP:DIP-8_W7.62mm","2",""
"VCC1,VDAC1,VOUT1","Conn_01x02_Pin","Connector_PinHeader_2.54mm:PinHeader_1x02_P2.54mm_Vertical","3",""
